{"cameraMode":{"drawMode":0,"name":"Shaded","section":"Shading Mode"},"sceneLighting":false,"audioPlay":false,"sceneViewState":{"showFog":true,"showMaterialUpdate":false,"showSkybox":false,"showFlares":true,"showImageEffects":true,"showParticleSystems":true},"in2DMode":false,"pivot":{"x":-1.2827457189559937,"y":1.28365957736969,"z":-2.2374188899993898},"rotation":{"x":0.19811668992042542,"y":-0.6379272937774658,"z":0.1747024655342102,"w":0.723405122756958},"size":8.268329620361329,"orthographic":false}