{"cameraMode":{"drawMode":0,"name":"Shaded","section":"Shading Mode"},"sceneLighting":false,"audioPlay":false,"sceneViewState":{"showFog":true,"showMaterialUpdate":false,"showSkybox":false,"showFlares":true,"showImageEffects":true,"showParticleSystems":true},"in2DMode":false,"pivot":{"x":2.5970139503479006,"y":2.992980718612671,"z":-2.0628011226654054},"rotation":{"x":0.1242426186800003,"y":-0.3860383629798889,"z":0.052549682557582858,"w":0.9125812649726868},"size":5.433500289916992,"orthographic":false}