{"cameraMode":{"drawMode":0,"name":"Shaded","section":"Shading Mode"},"sceneLighting":false,"audioPlay":false,"sceneViewState":{"showFog":true,"showMaterialUpdate":false,"showSkybox":false,"showFlares":true,"showImageEffects":true,"showParticleSystems":true},"in2DMode":false,"pivot":{"x":1.5999999046325684,"y":2.700000047683716,"z":-0.7300000190734863},"rotation":{"x":0.08221450448036194,"y":0.901425302028656,"z":-0.19667187333106996,"w":0.37686046957969668},"size":10.116909980773926,"orthographic":false}