{"cameraMode":{"drawMode":0,"name":"Shaded","section":"Shading Mode"},"sceneLighting":false,"audioPlay":false,"sceneViewState":{"showFog":true,"showMaterialUpdate":false,"showSkybox":false,"showFlares":true,"showImageEffects":true,"showParticleSystems":true},"in2DMode":false,"pivot":{"x":1.8621013164520264,"y":3.3359365463256838,"z":3.3146846294403078},"rotation":{"x":0.10851683467626572,"y":-0.30609092116355898,"z":0.03513388708233833,"w":0.9451637268066406},"size":5.433500289916992,"orthographic":false}