{"cameraMode":{"drawMode":0,"name":"Shaded","section":"Shading Mode"},"sceneLighting":false,"audioPlay":false,"sceneViewState":{"showFog":true,"showMaterialUpdate":false,"showSkybox":false,"showFlares":true,"showImageEffects":true,"showParticleSystems":true},"in2DMode":false,"pivot":{"x":-51.49077224731445,"y":3.5564448833465578,"z":42.8062744140625},"rotation":{"x":-0.11356974393129349,"y":0.668268084526062,"z":-0.10430070757865906,"w":-0.7278011441230774},"size":46.75274658203125,"orthographic":false}